{
  "metrics": {
    "covered_percent": 77.10526315789474,
    "covered_strength": 1.2526315789473683,
    "covered_lines": 293,
    "total_lines": 380
  }
}
