{
  "metrics": {
    "covered_percent": 77.51937984496124,
    "covered_strength": 1.2894056847545219,
    "covered_lines": 300,
    "total_lines": 387
  }
}
