{
  "metrics": {
    "covered_percent": 70.05988023952096,
    "covered_strength": 0.9940119760479041,
    "covered_lines": 234,
    "total_lines": 334
  }
}
