{
  "metrics": {
    "covered_percent": 81.41592920353982,
    "covered_strength": 1.3746312684365782,
    "covered_lines": 276,
    "total_lines": 339
  }
}
