{
  "metrics": {
    "covered_percent": 52.244897959183675,
    "covered_strength": 0.5795918367346938,
    "covered_lines": 128,
    "total_lines": 245
  }
}
