{
  "metrics": {
    "covered_percent": 78.46534653465346,
    "covered_strength": 1.2698019801980198,
    "covered_lines": 317,
    "total_lines": 404
  }
}
