{
  "metrics": {
    "covered_percent": 73.14814814814815,
    "covered_strength": 1.2314814814814814,
    "covered_lines": 237,
    "total_lines": 324
  }
}
