{
  "metrics": {
    "covered_percent": 54.32098765432099,
    "covered_strength": 0.7078189300411523,
    "covered_lines": 132,
    "total_lines": 243
  }
}
