{
  "metrics": {
    "covered_percent": 78.62407862407862,
    "covered_strength": 1.28009828009828,
    "covered_lines": 320,
    "total_lines": 407
  }
}
