{
  "metrics": {
    "covered_percent": 81.40243902439025,
    "covered_strength": 1.3567073170731707,
    "covered_lines": 267,
    "total_lines": 328
  }
}
