{
  "metrics": {
    "covered_percent": 54.54545454545455,
    "covered_strength": 0.7272727272727273,
    "covered_lines": 132,
    "total_lines": 242
  }
}
