{
  "metrics": {
    "covered_percent": 81.1377245508982,
    "covered_strength": 1.344311377245509,
    "covered_lines": 271,
    "total_lines": 334
  }
}
