{
  "metrics": {
    "covered_percent": 74.10714285714286,
    "covered_strength": 1.2232142857142858,
    "covered_lines": 249,
    "total_lines": 336
  }
}
