{
  "metrics": {
    "covered_percent": 85.55858310626704,
    "covered_strength": 1.4277929155313351,
    "covered_lines": 314,
    "total_lines": 367
  }
}
